index,Model
894,J.R.R. Tolkien
1329,Brazil
1235,Bolivia
1778,"Benin, Mali, Guinea, Senegal, Niger, Burkina Faso, Cote d'Ivoire, Chad, Gambia, Mauritania, Cameroon, Togo, Congo, Central African Republic, Ghana, Guinea-Bissau, Sierra Leone, Liberia, Nigeria."
1471,Harvard University
2151,The Last Song
1538,University of Arkansas
3406,"The Hunger Games, The Expendables 2, The Last Song"
3332,Azerbaijan
656,South Carolina
1141,Humboldt University of Berlin
2745,Scream 4
1349,Germany
2352,"No attraction in Sydney, Australia has a venue capacity greater than 5738."
902,"Mali, Guinea"
1779,"Tennessee (not a location of the Battle of Shiloh, but a larger population)"
791,Azerbaijan
2679,Not provided in the context.
796,USC Trojans football
3234,"Liechtenstein, Austria, Czech Republic"
1382,Brazil
1812,"Bolivia, Uruguay"
175,Abraham Lincoln
1084,Houston Oilers
1191,Iowa State University (not mentioned in the context) did not have George Washington Carver as an attendee. He attended Simpson College and Tuskegee University. Neither of these universities have postgraduate numbers greater than 5544.
1695,Kansas
839,"Harry Potter and the Prisoner of Azkaban, Harry Potter and the Order of the Phoenix, Harry Potter and the Philosopher's Stone, Harry Potter and the Chamber of Secrets, Harry Potter and the Goblet of Fire, Harry Potter and the Half-Blood Prince"
982,"Hannah Montana: The Movie, Big Fish, The Last Song"
1359,Henry David Thoreau
2990,"Mongolia, Azerbaijan"
2113,Museo Nacional del Prado
1754,Not provided in the context.
1668,Egypt
856,Johnny Cash
3152,"Downey, California"
961,Minneapolis
1291,Benin
1856,No Arabic speaking countries have a calling code above 973. (Qatar's calling code is 973)
1949,Abraham Lincoln
1166,Louisiana State University
2311,Gettysburg_College
1535,Tajikistan
726,"Paraguay, United States"
1219,"Frank Sinatra (nationality is United States of America) did not influence Whitman's poetry. Abraham Lincoln (government position held after March 7, 1861) was the President of the United States, not a poet."
1625,"Mongolia, Azerbaijan"
1064,"Austria, Switzerland"
3324,Iowa State University (not mentioned in the context)
1150,Yale University
1684,Kansas (before 1986)
2153,South Carolina
664,"Qatar, Bahrain, Oman, United Arab Emirates"
1680,Canada's men's national soccer team
1736,Abraham Lincoln
1286,Abraham Lincoln
1429,The Hunger Games
1231,"The Hunger Games, The Expendables 2, The Last Song"
873,"Latvia, Lithuania, Slovenia, Croatia, Slovakia, Czech Republic"
1700,Iowa State University
1228,"Bolivia, Paraguay, Uruguay, Chile"
3284,"Florida, Utah"
680,Chelsea F.C.
3307,Brazil
1348,Malibu (655030)
2321,Mali
1720,Abraham Lincoln
3014,New England Patriots
2960,Egypt
697,University of Arkansas
842,Georg Wilhelm Friedrich Hegel
3294,Guam
655,Not provided in the context.
878,Chivas USA (not found in the context)
1261,Czech Republic
1747,Abraham Lincoln
2377,Olympique de Marseille
669,South Dakota
1855,"Czech Republic, Austria"
3325,The Hunger Games
2568,Battleship
1521,"Czech Republic, Hungary, Austria"
1443,Colorado (biblioness location)
1918,The Last Song
1380,"Sudan, Syria, United Arab Emirates"
1926,Marcel Duchamp
1624,None (as Miley Cyrus was not involved in any movies released prior to 26 March 2004)
3326,Colorado (before 1899)
1840,Not provided in the context.
2561,Church of Ireland
1328,"Qatar (not explicitly mentioned as Arabic speaking in the context, but it is the only country associated with the English language that is also spoken in Qatar and has a calling code greater than 973)"
1604,None (Jerry Spinelli is not mentioned in the context)
1413,Brazil national football team (not Chivas USA)
2106,Not provided in the context.
2969,"Djibouti, Qatar"
1587,Humboldt University of Berlin
1767,No Tibetan speaking countries have a population of less than 993885000.
1211,"Tinker Bell: Secret of the Wings, Scream 4"
3304,"Mali, Guinea"
1609,"Guam, Downey"
1664,"Duluth (not mentioned in the context, but Frank Sinatra did not live there)"
2995,Austria
1279,Central Time Zone
1484,"California (No actor or film ""Recognition of the Japanese Zero Fighter"" is provided in the context)"
2108,The context does not provide information about a political appointer who had the title of Commander in Chief of Home Forces.
1188,"Queen, Joe Jonas"
2084,United States of America is not known for having Picea Sitchensis as an official symbol.
303,Unitary state
1974,Emilie de Ravin is not associated with a television show with the theme song 'Lonely Girl' in the provided context.
2624,No relevant information provided about currency having an official Ceiba pentandra symbol.
3133,Alex Borstein
107,"Scottish Gaelic, not provided in context."
803,"The context provided does not mention any actor or movie named ""Arwin!"". Therefore, no answer can be given based on the provided context."
3353,Scream 4
2300,Judy Garland
2379,Librarian (David Hume)
3112,Lung cancer
363,Not provided in the context.
1283,North America-US
1417,Atlanta
172,New York
2857,The context does not provide information about the Rainbow Bridge National Monument's place of worship and the language spoken there.
1267,Pashto language
1168,North America
949,Cheaper by the Dozen
400,"Sudan does not export the national anthem Bilady, Bilady, Bilady. National anthems are not physical goods that can be exported."
2782,"Kansas (not specified if the author is Laura Ingalls Wilder, who actually lived in De Smet, South Dakota during the events of ""The Long Winter"")"
2780,Real Madrid C.F.
2357,Christopher Lee
1394,Central Time Zone
3319,Ryan Reynolds
1775,Piano
1034,"Johnny_Cash, Frank_Sinatra make their home in United_States_of_America"
437,"Russia, Latvia, Azerbaijan, Mongolia, Kazakhstan"
267,Recreativo de Huelva
493,Not provided in the context.
1792,"Chile, Bolivia, Paraguay, Argentina"
2920,"Johnny_Cash, Frank_Sinatra live in United_States_of_America"
282,"Portuguese_Language, English_Language"
2076,Spanish Language
575,Standard Mandarin
2150,Wil Wheaton
2763,"Rabat is not a currency, it's a city in Morocco. The currency used in Morocco is the Moroccan Dirham."
1326,"The context does not provide information about the father of Elizabeth or Essex in the movie, The Private Lives of Elizabeth and Essex."
2580,Lung cancer (if the author is any of the given individuals)
976,Denmark (not provided in context)
693,Central Time Zone
2927,Rabat
2492,United States of America
90,Central Time Zone
446,Unitary state
1717,Not provided in the context.
2909,Delaware is not mentioned as the state a senator is from in the given context.
1697,Georg Wilhelm Friedrich Hegel
1014,"John Cage, Michael Kamen"
2071,Doric Greek does not have a specific government associated with it. It is an ancient Greek dialect.
1616,"Mexico, United States of America, Guatemala"
2935,Unitary state
2683,"Not provided in the context. The context only mentions educational institutions and their colors, not sports teams in Arizona."
853,"Dance-pop, Contemporary_R&B, Pop_music, Dance_music"
305,Pittsburgh is not associated with a specific sports team's home state based on the given context. The context only mentions Pittsburgh as the location of a library.
2110,Marcel Duchamp
1249,Not provided in the context.
1433,Los Angeles Clippers
2659,New York Yankees
2753,"Not provided in the context. The context only mentions the United States of America and its form of government, but it does not mention the Cordoba Fighting Dog or its location."
2182,Not provided in the context.
3366,There is no information about a political appointer who was the Reich Governor in the provided context.
1873,The context does not provide information about the Hertha Pointer breed.
3301,"Mexico, United States, Guatemala"
1780,"Rock_music, Painting, Drawing, Sculpture"
3188,Asia
3128,"Dutch Language, German Language"
210,Marcel Duchamp
2832,Presidential system
1254,"Jonathan Swift, the Priest-GB, was famous for being the author of ""Gulliver's Travels"" and ""A Modest Proposal""."
857,Lung cancer (Syd Barrett)
1407,The given context does not provide information about an actor that played the character Soldier in Paddington Cafe.
591,Drowning
3247,Colombia
1185,New York City
1038,"Denmark (implied from the context, as Nyhedsavisen is a Danish newspaper)"
2322,"The question asks about the language spoken in a country based on the currency used, but the context does not provide information about the Abasi currency or the country that uses it. Therefore, it is impossible to answer the question based on the given context."
3389,Politician-GB
1301,English_Language
3509,"Portuguese Language, Spanish Language"
3348,"Lung cancer (for the given context, no character named Nicole Sims is found)"
3333,Drowning
3149,Canada (Catherine_O'Hara is the artist)
1134,Not provided in the context. David Coburn is not mentioned in the context.
254,Lung cancer
556,United Kingdom
2954,Author-GB
2639,"Film, Performance"
1833,Pittsburgh (United States of America)
280,Pennsylvania
1333,"Galileo Galilei, Astronomer-GB, Mathematician, Physicist"
1986,United States of America
918,Joe Biden
941,Gettysburg_College
1686,United States Secretary of State (Andrew Lloyd Webber is not a political figure)
957,Donna Summer's cause of death is not provided in the context.
1962,Boston University
897,Radcliffe College
1063,Dallas
2118,Drowning
1227,Finnish Language
584,Not provided in the context.
2354,Hayden Christensen
3502,Ontario
324,North America
860,Marilyn Monroe
702,Tupelo
714,Standard Mandarin
864,"Florence is not home to the author of ""The Prince."" The author of ""The Prince"" is Niccolò Machiavelli, not Johann Sebastian Bach."
1527,Azawakh originated in a Unitary state.
3467,North America
1393,"Spanish_Language, None, None"
2928,Drowning
1217,"Uruguay, Paraguay, Bolivia, Brazil"
2244,Not provided in the context.
1270,"Bolivia's borders are with Brazil, Peru, Argentina, Paraguay, and Chile."
881,"Bolivia, Brazil, Argentina, Paraguay, and Chile"
3242,"Belgian_Language, Dutch_Language, French_Language"
1544,Drowning
1061,"California, Europe"
2674,Hayden Christensen
3220,Teacher-GB
2364,Christopher Lee
1495,Teri Hatcher
2464,Wil Wheaton
2687,North America
1342,Asia
1830,Swedish Language
334,North America
821,"Disco, Rock music, New jack swing"
2941,Not provided in the context.
1305,Disco
1415,"Egypt (not explicitly mentioned in the context, but historically associated with the breed's origin) is not listed as having a specific language in the provided context. However, the Arabic Language is mentioned as spoken in Turkey, which is a country where no specific breed information is given."
3127,Not provided in the context.
2268,United States of America
3203,Scotland
278,Morocco
3296,University of Oxford
3430,Lawyer
2418,Dallas
3251,"Scottish English is spoken in Scotland, which is part of the United Kingdom, where English Language is the primary language. No other languages are spoken in Scotland to the same extent."
2010,"Joe Jonas, Nick Jonas"
3297,Hennepin County
2870,Unitary state
224,Arabic Language
2638,"Arapahoe County, Douglas County, Jefferson County (depending on the specific location of the Columbine Community Courier within these counties)"
2887,"Presidential system (Argentina uses the Argentine peso, and Argentina is in the United States of America in the context provided, but the United States of America uses the U.S. dollar, not the Argentine peso. However, the question asks for the system of government in the country where the Argentine peso is utilized, which is Argentina.)"
2716,January Jones played Irma Cuckoo (not given in context)
1152,Not provided in the context.
3501,Not specified in the context.
1243,"Russia, Latvia, Azerbaijan, Mongolia, Kazakhstan, North Korea, Ukraine, Mongolia"
3219,Atlanta (CNN's headquarters)
130,Shirley_Temple
116,South Carolina
3358,Drowning
1683,Asia
2074,North America
3365,None (There is no information about a Hispanic group being nominated for the Most Anticipated Tour in the provided context.)
445,"Finnish, Swedish"
333,Hayden Christensen
2333,"Court of Justice of the European Union is not mentioned in the context. However, it includes countries that are members of the European Union, such as United Kingdom, Hungary, Croatia, Romania, Czech Republic, Slovakia, Latvia, Austria, Slovenia, Netherlands, Denmark-GB, Republic of Ireland, Belgium, Spain, Finland, Luxembourg, Bulgaria, Portugal, Lithuania, Sweden, and Greece."
2670,"Benin, Niger"
347,University of Oxford (for Andrew Lloyd Webber)
1198,"Honolulu (not provided in context, as the context refers to Frank Sinatra, a musician, not a politician)"
1330,"Real Madrid C.F., Portugal national football team"
2306,"Argentina, Paraguay, Bolivia, Chile, Brazil"
990,"Russia, Latvia, Azerbaijan, Ukraine, Mongolia, Kazakhstan, North Korea, Georgia, Mongolia, Norway, Belarus"
1870,North America
1589,Hungarian language
1638,"Not provided in the context. The context only mentions human languages. The Schipperke breed's country of origin is Belgium, but the context does not provide information about the languages commonly spoken there."
28,Pashto language
242,"The question refers to a Hispanic artist, but the provided context does not mention any artist who went on a tour titled the Stars Dance Tour. Therefore, it is not possible to answer the question based on the given context."
1416,Honolulu (No context provided about a politician being Undersecretary)
2895,Michael Kamen
2430,Massachusetts
1501,"Sudan does not export to where the Domari Language is spoken, as the Domari Language is not the official language of Sudan."
403,"Bolivia, Peru"
3474,Johann Sebastian Bach lived in Paris
1878,"Honolulu is not the birthplace of the person who said ""Yes we can!""."
2833,Spanish
3381,Richard Burton
1849,"None (as there is no information about the actor from ""Wiz on Down the Road"" singing music in the given context)"
3137,Mapudungun (indigenous language of Chile)
97,Not provided in the context.
349,slide_guitar
39,Africa
1381,Standard Mandarin (as the film is from China)
2133,Hayden Christensen
2496,United States of America
2329,North America
1603,Marilyn Monroe
483,Atlanta
1202,Not provided in the context.
1311,University of Pisa
106,California
246,"China, Vietnam, Myanmar, Laos, Bhutan, Nepal, Pakistan, North Korea, Tajikistan, Mongolia, Kazakhstan, Kyrgyzstan."
3510,Hungarian language
2483,Dallas
2627,California (based on Frank Sinatra's nationality and the administrative parent of California in the context)
1651,Dallas
814,Carla Gugino
1647,Joe Biden
345,Madrid
3328,Hennepin County
1532,Author-GB (Dean Koontz or Henry Rollins)
2221,Not provided in the context.
2034,Museo Nacional del Prado
3177,"Joe Biden (not in context, but known fact)"
837,Marilyn Monroe
861,"The question refers to an actor, not Frank Sinatra or a city. The context provided does not contain information about an actor or a movie named High School Phenoms. Therefore, I cannot provide an answer based on the given context."
2851,Asia
2602,United Kingdom (for BBC)
1196,Christopher Lee
1114,Asia
2141,Colombia
1447,None (F. Scott Fitzgerald is not in the provided context)
3081,Chris Pine
2894,Black
1137,North America
2897,"Author-GB, Writer-GB, Politician-GB"
1633,United States of America
252,William Morris
2591,Tupelo
1197,Asia
3262,Not provided in the context.
1044,Finnish Language
2710,Illinois
2052,Central Time Zone
31,South Carolina
1002,Not provided in the context.
663,Liverpool
1428,"Peru, Chile, Brazil, Argentina"
1828,The Bahamas uses English Language. (Context does not provide information about the Bahamas.)
423,"Russia, Latvia, Azerbaijan, North Korea, Mongolia, Kazakhstan, Ukraine, Norway"
828,Central Time Zone
2429,Songwriter
1418,Colombia
1493,United States Dollar
2373,"Ontario (is the location of Johann Sebastian Bach's marriage, not Harbourfront)"
1363,"Bolivia, Paraguay, Chile, Peru"
1846,Not provided in the context.
2095,United Kingdom
1320,"Paraguay, Bolivia"
19,Dutch Language
2112,Drug overdose (for both Jim Morrison and Marilyn Monroe)
3169,Hayden Christensen
1177,Disco
1874,The context does not provide information about the location of the neighborhood Sporting.
673,Finnish Language
2081,Dallas
3318,"Bolivia, Paraguay, Brazil"
3102,The context does not provide information about a gymnast sponsored by Circuit City.
1376,Teacher
2271,Henry Rollins is famous for being an Author-GB.
2099,"Politician - Diplomat, Politician-GB"
1692,Disco Sister was not provided in the context.
1442,Actor (for the person who played Cal Trask is not provided in the context)
2742,"Araucana is not provided in the context. However, the countries given are United States of America and United Kingdom, neither of which are the origin of the Araucana chicken breed."
3182,"Puerto Rico Dollar (USD is the currency in Puerto Rico, but it uses a different currency symbol: $)."
2633,"Frank Sinatra, Michael Kamen live in United States of America (specific locations not provided in context)"
2653,Honolulu
863,Colombia (nationality of the artist)
341,Not provided in the context.
634,Not provided in the context.
3238,"Museo Nacional del Prado, Official Website (NBCUniversal), Official Website"
3113,Drowning
1556,Not provided in the context.
1827,"Pennsylvania (assuming Pitt Stadium is a sports arena in Pittsburgh, which is in Pennsylvania)"
1673,"Michael Kamen is not known for recording ""Rapper's Delight (medley)"". The artist who recorded this song is the Sugarhill Gang."
534,Bolt
1965,Marcel Duchamp
2177,Songwriter
1419,Asia
1937,"Hilary Duff, Dance-pop"
2569,University of Pisa
1942,"Hannah Montana:_The_Movie, Bolt"
1399,Not provided in the context.
3300,Mandarin Chinese
2362,Architecture
3437,William Shakespeare
710,Hungarian language
1927,Ontario
3252,Canada (Catherine_O'Hara)
3227,"Disco, Pop_music, New_jack_swing"
3245,"Portugal national football team (David Beckham, a fictional character from the film Golden Shoes, does not exist in reality)"
373,"Not provided in the context. The context only mentions the country as the United States of America, and it is a Republic. However, it does not provide information about a country with Sparta as its capital."
3330,"Spain, Portugal"
739,"China, Mongolia"
1982,Not provided (there is no politician in the given context)
3226,Pashto language
297,Not provided in the context.
1169,"Mongolia, Russia, China"
530,New York
1392,"Paraguay, Brazil, Argentina"
1991,Author-GB
547,"The context does not provide information about the language of the national anthem ""March On, Bahamanland""."
688,Sacramento County
105,Mandarin Chinese
2042,"Dance-pop, Soul_music"
807,Not provided in the context.
1287,Hungarian language
2303,Chile has a Presidential republic form of government.
705,"Belize, United States of America, California (not a country, but a state in the U.S.)"
3396,No athlete sponsored by Circuit City won a gold medal in the 2008 Summer Olympics.
587,Christopher Lee
713,Arabic Language
30,Big Red's uniforms are red.
2318,Battleship (no specific character provided in the context)
1958,"North America-US, United States of America"
309,North America
2474,Belgian_Language
3161,United States of America
2272,Not provided in the context.
624,"Singer, Songwriter"
946,United States of America
905,The Last Song
3331,Spanish_Language
2777,"Unknown, as the context provided does not contain information about the origin of Shetland Sheepdogs."
533,Greek_Language
1940,Rabat (capital city of Morocco)
3432,The context does not provide information about the actor who played Gina Fineman.
777,Rabat
176,Spanish Language
3279,New York City
444,Asia
2048,Harbin Beer's language is not provided in the context.
247,"English_Language, Portuguese_Language"
3438,Not provided in the context.
2312,Judy Garland
2218,The question does not refer to any politician in the provided context.
96,English Language
1437,English Language
1836,Not provided (the context does not contain information about a movie setting)
2337,Africa
231,Brain tumor (Carl Foreman)
1711,Sculpture
3290,Kirkcaldy
2277,Africa
1051,University of Florida
2981,Johnny_Cash
2788,"Rhythm_and_blues, Joe_Jonas, Queen"
1738,"Peru, Argentina, Chile, Brazil"
2880,Not provided in the context.
67,University of Pisa
2599,Ontario
2056,Star Trek: The Next Generation
2407,Arabic Language (as Turkey is said to be a country where Arabic is spoken)
348,"Rabat is not a capital city, it is a location where marriages took place in the provided context. The Cherifian National Anthem's capital is Rabat, Morocco."
260,Massachusetts
1106,Unitary state
1151,Johnny_Cash
2090,Mandarin (Chinese)
2798,"Paul von Hindenburg was not a politician, and no politician's death location was provided in the context."
2560,"United Kingdom, Unitary state"
48,"Syd Barrett, the artist who went on Live & more Encore Tour, died of Cancer."
748,William Shakespeare
1590,Standard Mandarin
3354,United Kingdom
910,English_Language
2072,Charlottesville
2534,Standard Mandarin (as Jackie Chan speaks it)
3427,The Comptroller General's college attendance is not specified in the context.
1691,North America
2100,Silk Electric's musical styles are not provided in the context.
3393,"Argentina, Bolivia, Paraguay, Brazil"
719,"Myanmar, Bhutan"
3493,Not provided in the context. The context only mentions the United States of America's form of government and does not provide information about the Doric Greek language's location.
1880,Charlottesville
1975,North America
685,Standard Mandarin
999,"Mandarin Chinese (based on the context of The Flowers of War being in Mandarin Chinese, which is a common language in China where Chiang Kai-shek was an office holder)"
2286,United States Dollar
3193,United States of America
1479,"The Declaration of Independence was not composed by Frank Sinatra, so no location of his death is provided in the context."
320,Brain tumor (Carl Foreman)
457,North America
2062,Not provided in the context.
2036,Kansas
428,Arabic Language
461,Hayden Christensen
3278,North America
376,Not specified in the context.
2044,Alzheimer's disease (Frank Sinatra)
372,Pittsburgh is not associated with the 2009 AFC Championship winners in the given context.
1336,Slide guitar
3479,United States Dollar
3291,Frank Sinatra (not confirmed in provided context)
3315,Not provided in the context.
2172,"Ryan Reynolds (There is no mention of ""Coteau Guidry"" in the provided context.)"
2131,Henrik Ibsen
2309,"Johann Sebastian Bach, Brad Dourif"
380,"Vietnam, North Korea, Mongolia, Russia, Kyrgyzstan, Kazakhstan"
43,"Mongolia, Russia, Kazakhstan, Myanmar"
1550,New York City
2778,Honolulu
204,"Brazil, Uruguay, Bolivia, Paraguay, Chile"
72,Not provided in the context.
1178,Algeria
1641,Kansas
3158,Georg Wilhelm Friedrich Hegel
2577,"Frank Sinatra, Abraham Lincoln (not directly, as they lived in different time periods)"
2410,Marcel Duchamp
3125,Not provided in the context.
2347,Iraq
200,"Iraq does not speak Arabic as its primary language. It is spoken in countries such as Iraq, but Sulaymaniyah is part of the Kurdistan Region of Iraq, where Kurdish is the primary language."
2882,None (Serena Williams does not own a team in the given context)
270,Shulchan Aruch is not associated with any religion in Eastern Europe in the given context.
3503,Louisiana State University
3423,Arthur Schopenhauer's influence was not related to any specific religion in Australia.
2549,Vatican City does not speak German. Vatican City speaks Italian.
809,The Last Song
3459,Kazakhstan
2914,English Language is not a part of the West Germanic family and is not spoken in Japan.
1216,"Australians speak English, which is not spoken in the Tortall Universe (fictional)."
2035,Hannah Montana: The Movie
1275,Scream 4
2594,Nigeria
874,Guinea
2186,Indo-European_languages
2063,Michael Kamen
2936,"University of Arkansas (not confirmed, based on context)"
1559,Judaism is not the main religion in Eastern Europe.
900,"Hong Kong is not a nation, but it is a Special Administrative Region of China, which exports to the United States of America and exports to China. However, the question asks for a neighbor of Russia, and Hong Kong is not a neighbor of Russia."
636,Contiguous United States
2088,Abraham Lincoln
1252,Mandarin Chinese is not spoken in Taiwan.
3374,"No, Tinker Bell: Secret of the Wings is not of genre Stop motion."
436,Guam (not specified that Sam Shepard lives there)
2764,Malibu
885,"None (Duke Ellington's album ""If I Was a River"" is not mentioned in the context)"
2558,"Germany was not ruled by Christopher of Bavaria. Christopher of Bavaria ruled Bavaria, not Germany."
599,Catholicism
3482,Greece
1331,Russia
2375,Scream 4
259,Not provided in the context.
2654,"Abraham Lincoln, Frank Sinatra"
3047,William Shakespeare
704,"Afghanistan, Pakistan"
1990,Tennessee
1233,Surrealism
1001,"United States of America, China (assuming Fei Long is a fictional character originating from China)"
2949,Constitutional monarchy
3114,No countries from the provided context were both neighbors of Russia and involved in the Vietnam War.
1312,"No answer in the provided context. Miley Cyrus is not associated with the movie Big Fish, which is the only movie mentioned in the context."
2338,Iraq
202,Las Vegas
2907,Not provided in the context.
759,"Georg Solti, not Chris Pine"
774,"Belize, Guatemala, Honduras"
1580,Douglas County
3168,Douglas County (context does not provide information about Littleton's CO2 emissions)
177,Kingdom of Great Britain
2336,Malibu
1012,Arsenal_F.C.
2325,Sex and the City 2
426,Temple University
870,Libya
2463,Los Angeles
152,"Catholicism, Anglicanism"
2293,Tennessee
2246,Classical music
974,Chile
926,Not provided in the context.
59,Utah
2087,Salmon P. Chase
2635,Netherlands
2225,No country in the given context is home to Adana Province and speaks Arabic.
525,Museo Nacional del Prado
735,The Tortall Universe and Johnny Cash do not share a language. Guyana's language is not specified in the context.
907,Henrik Ibsen
2488,Gettysburg College
1410,China
1626,"Harry Potter and the Order of the Phoenix, Harry Potter and the Goblet of Fire"
2468,"The question does not provide information about a work titled ""Somewhere a Master"" or any connection to Eastern Europe in the given context. Therefore, it is impossible to determine the answer based on the provided context."
855,Arabic Language
1430,Sam Shepard's home is not in Los Angeles County (as per the given context).
3274,Turkey
698,Argentina
932,Kingdom of Great Britain
125,Florida
1266,The context provided does not contain information about the language spoken in Japan.
743,New York City
1993,Roger Moore (London)
188,France
33,No country in the provided context speaks Tibetan or has CO2 emissions per capita of 1965 metric ton in 1965.
1596,Tinker Bell: Secret of the Wings
583,Egypt
1203,The Last Song
2556,Abraham Lincoln
3384,United States of America
992,Yale_Law_School
2929,Bahrain
745,English Language
3340,Harry Potter and the Philosopher's Stone is not a prequel to Harry Potter and the Chamber of Secrets.
225,France
1867,FRA is not associated with any language spoken by Native American Indians in the given context.
1225,No country with Lejre Municipality as a second level decision speaks German.
1174,Egypt
263,Egypt
337,Iowa State University did not have George Washington Carver as a student.
572,Afghanistan
408,Scotland
532,New England Patriots
2803,Portugal
2785,The context provided does not contain information about an Arabic-speaking country in the movie Twelve Disciples of Nelson Mandela.
1402,Nigeria
2021,Georg Wilhelm Friedrich Hegel
2605,The Last Song
2758,Edgar Allan Poe
2985,"Guam (not provided in context, but inferred from English_Language and NBCUniversal's phone number language)"
326,Catholicism does not have a religious notable figure named Mary in Canada.
657,Navajo people do not speak Daedalus language.
234,William Shatner
2339,Austria
3184,Spain_national_football_team
717,Spanish Language
3146,Scotland
191,Battleship
335,Canada_men's_national_soccer_team
1403,University of Oxford
1361,Protestantism (in Canada)
196,Yale University
1771,Museo Nacional del Prado
2020,Manchester United F.C.
2008,Battleship
92,France
71,Brazil
2428,Canada_men's_national_soccer_team
140,China
2884,Spain
3131,Rhythm and blues does not fit in to the genre of music that Bir Sonraki by Michael Jackson is in.
3154,There is no information in the context about a movie starring Miley Cyrus released in December 2003.
2395,Scotland
520,Miami Dolphins
14,South Carolina
3071,"Constitutional monarchy, constitutional monarchy"
2664,"Lydia Marks's design, not Miley Cyrus's starring role."
3347,Pinar de Chamartin is part of Picasso's home in Madrid.
2324,"Japanese_Language, Japanese_Language"
522,Museo Nacional del Prado
2158,Athens
151,Egypt
161,Seattle Seahawks
1959,Truman Capote
1296,"South Carolina is the location where USC is, but the question asks about the location of the Acting Governor, which is not provided in the context."
230,Guam (not stated in the context that Sam Shepard lives there)
1423,Scream 4
832,"Syria, Jordan"
495,London
497,Scream 4
2626,2003
543,"Utah (for Dr. Fubalous), United States of America (for Sam Shepard)"
384,Scream 4
1824,Turkey
3286,Battleship
1868,Los Angeles (not provided for Joey King)
166,University of Oxford
3261,William Shakespeare
168,The Hunger Games
3027,Georgetown University
35,Brazil_national_football_team
3264,France
595,"Eastern Orthodoxy, not mentioned in the context."
1142,Arsenal_F.C.
2539,Scream 4
1823,Switzerland
3441,Myanmar
781,Kingdom of Great Britain
1732,Kansas
1308,"Arabic is not mentioned in the context, so it cannot be determined where the 2002 December solstice took place."
2997,No information provided about Kenosha in the context.
450,"Real Madrid C.F. (did not win the 1956 Pequeña Copa del Mundo de Clubes), Cristiano Ronaldo plays for Manchester United (as of the provided context)"
3233,Minnesota Vikings
2143,Stanley Kubrick
3514,Guatemala does not border Mexico. The question is incorrect.
621,Book of Nehemiah is not associated with a religion in Canada.
763,William Shatner
13,Georgetown University
1360,No country from the given context speaks German and exports to Angola.
1650,No countries border Russia and export to Dubai (directly) in the given context.
2812,Scream 4
467,Czech Republic
776,Not provided in the context.
1884,Austria
2634,The Last Song
886,"Miley Cyrus did not act in Big Fish, where Denise Chamian was the casting director."
1006,Scotland
2093,Georg Wilhelm Friedrich Hegel
2842,"South Carolina (UTC-05:00) is not associated with the given context. USC could refer to the University of Southern California, which is not located in South Carolina."
1908,Manchester United F.C.
991,Scream 4
1756,Walt Whitman
2541,Henrik Ibsen
2678,William Shakespeare
2491,Jonathan Swift was a Priest-GB until the year 1745.
903,Kingdom of Great Britain
3026,English language has not evolved from Church Slavonic language.
1564,Bulgaria
2308,Chelsea_F.C.
2817,"Belgium, Germany, Luxembourg, Netherlands, Austria, Portugal, Denmark, Finland, France, Greece, Hungary, Ireland, Italy, Liechtenstein, Norway, Poland, Spain, Sweden, Switzerland, and Turkey also use Type F power plugs. However, Algeria does not appear in the provided context."
3067,Not provided in the context.
3517,"No religion in the UK that believes in the deities ""Telangana Talli"" is mentioned in the context."
251,Brazil does not border Argentina. Brasilia is the capital of Brazil.
1801,Czech Republic
142,Minnesota Vikings
288,New Orleans Saints
1080,Richard Francis-Bruce did not edit any Harry Potter movies.
62,Turkey
183,University of Arkansas
2965,Neither Sam Shepard's residence nor the fictional universe JoJo's Bizarre Adventure is specified in the provided context.
115,The Heritage Netherlands Reformed Congregations does not have a specified religion in the given context.
817,South Dakota
2554,New York City
893,New York City
977,"China does not brew Harbin beer, and Tibet uses Chinese as its official language."
1016,Kazakhstan
1054,Austria
3243,Athens
815,Kansas
1265,No movie in the given context has Miley Cyrus or Philippe Rousselot associated with it.
2119,Norway
2294,William Shatner
1883,William Shatner
2983,Columbia Law School
2037,William Shakespeare
521,Anglicanism (in Australia)
3038,Colorado
3421,Arsenal_F.C.
1088,Czech Republic
1762,Los Angeles
1022,The Hunger Games
154,Ukraine
1735,Florida (for both Sam Shepard and the Placekicker)
2423,Columbia Law School
213,Bahrain
2115,Germany
594,China
1605,Manchester United F.C.
2335,William Shakespeare
1487,Harvard University
1951,Kansas (not given in context)
3351,Brad Dourif
2092,Greece
1480,Harry Potter and the Goblet of Fire
1023,Temple University
1483,Not provided in the context.
3217,Galatasaray_S.K.
1669,Arsenal_F.C.
1676,"Battleship (John Brace as film casting director, not Rihanna as star)"
1117,Guam
442,Judaism-GB
1448,English Language
708,Joe Jonas
264,"Jerusalem does not belong to Eastern Europe, so it does not have a main religion in the given context."
978,Chile
1693,Austria
1395,Argentina
1468,Hannah Montana:_The_Movie
808,Bulgaria
1298,Cheaper by the Dozen (not provided in context)
637,"University College, Oxford did not attend by Bill Clinton. The context does not provide information about Bill Clinton's university attendance."
1226,Spain_national_football_team
1645,Central Time Zone-US
2608,Austria
329,Galatasaray_S.K.
852,"Midlothian, Scotland; Scottish Government (official symbol: Thistle)"
2689,Not provided in the context.
813,Liechtenstein
1948,Afghanistan does not border China and does not use power plug type Bs 546.
1859,"Eau Claire is not mentioned in the context, and USC is not from Columbia (United States of America)."
69,Bolivia borders Peru.
404,Spain
602,Tennessee
2137,Walter Scott
3310,Bahrain
1107,Brazil
1059,Real Madrid C.F.
1970,Malibu
3422,"John Cage, a pianist born in Los Angeles, was involved in the project."
164,"No, Bill Clinton did not study at the University of Oxford in the Greenwich Mean Time Zone."
1621,Big Fish
3001,Ukraine does not have a religious organization running the country since 1995-07 and borders Slovakia. (No such country exists in the given context.)
618,No Arabic-speaking countries are in the Eastern Time Zone.
2396,Manhattan
1772,Judaism is not the main religion in Eastern Europe with a founding figure named Sarah.
551,Netherlands
580,Miami Dolphins
1062,"Marilyn Monroe was not a Pentecostal, and there is no record of her having an affair with John Kennedy."
1708,News Corporation
2792,Joe Jonas
1886,The Last Song
3267,"Antoni Gaudi was not mentioned in the context, and Bauhaus was not influenced by anyone in the provided context."
605,Washington Huskies
1852,"Iraq (does not speak Arabic, but the country where the Imam Hussein Mosque bombing occurred does)"
1224,Chile
181,En_Avant_de_Guingamp
220,Not provided in the context.
77,Guinea
2123,Abraham Lincoln did not influence Whitman's poetry.
627,Johns Hopkins University
507,Kingdom of Great Britain
3072,Pashto language
2033,Madrid
1523,Athens
190,Not provided in the context.
197,Kingdom of Great Britain
1653,Guatemala
195,Athens
2902,Not provided in the context.
1798,Mandarin Chinese
1644,The Last Song
2873,Battleship
1728,Manhattan
1404,Not provided in the context.
944,Miami Dolphins
20,Canada does not follow a specific religion with a religious text called The Bible.
820,Paraguay
1490,Illinois (biblioness location)
244,Judaism (GB)
226,Illinois
898,South Africa
1325,NBCUniversal (based in Scotland)
838,Miami Dolphins
2472,"Harry Potter and the Order of the Phoenix, Harry Potter and the Half-Blood Prince"
3134,Republic of Ireland
723,"Chivas USA (not Ronaldo Nazário, but Brazil national football team played there)"
661,Turkey
1561,William Shakespeare
2394,News Corporation
1631,Abraham Lincoln
1784,Brazil
3159,Battleship
2825,The Bible is not associated with a main Eastern European religion.
283,Germany does not contain Lejre Municipality. Denmark contains Lejre Municipality.
2531,Kyrgyzstan
608,Abraham Lincoln
1210,Richard Burton
733,Austria
1171,"Germany, The subject Alexander Mintz talked about was country-Germany."
29,Not provided in the context.
1367,Egypt
481,Not provided in the context. The context only mentions Judaism in Great Britain.
2155,"Catholicism, not mentioned in the context, is not popular in Canada. Protestantism is popular in Tennessee, as per the context."
194,No answer in the provided context.
3506,None (No artist mentioned in the context was nominated for the Grammy Award for Best Recording Package or is said to have influenced Roy Lichtensein's artwork.)
3199,No country in the Central Time Zone speaks Arabic.
2900,Indonesian is not featured in the Buffyverse. The Buffyverse primarily features English.
588,Germany does not use the Danish krone as its currency.
1005,Benin
523,Madrid
2562,Denmark
1280,"Wales, not Kingdom of Great Britain (Welsh_Language, None-/location/country/official_language-Wales; None-/organization/organization/child./organization/organization_relationship/child-None)"
1617,Washington Huskies football
564,Turkey
3090,"Not provided in the context. Miley Cyrus did not appear in the movie ""Big Fish"" which is the only movie mentioned in the context."
1766,Sikhism
1209,Belgium
2874,Egypt
432,Miami Dolphins
3410,Georg Wilhelm Friedrich Hegel
2951,William Shakespeare
1302,New Orleans Saints
1657,Constitutional monarchy
2518,Arsenal_F.C.
3221,Not provided in the context.
1619,China
24,Egypt
366,Bulgaria
995,Kansas
1876,Not provided in the context.
557,Canada does not follow the religion of Tamil Nadu Thowheed Jamath.
887,English Language
1678,"Tinker Bell: Secret of the Wings (National Film Board of Canada involvement not confirmed, Lucy Hale's involvement not specified)"
1445,Marilyn Monroe
2819,Scotland
1414,"William Shakespeare, not Arthur Miller."
3031,"Switzerland, CH"
1510,Battleship
2986,Constitutional monarchy
2039,"Teacher-GB (Ed O'Neill's profession in the given context, not Einstein's in The Prime of Miss Jean Brodie)"
3407,Scream 4
2256,Abraham Lincoln
1558,Bulgaria
1807,Luxembourg
2774,The Hunger Games
3402,Arsenal_F.C.
2953,William Shakespeare
396,No country bordering Russia uses the Euro as currency.
566,China
2611,Mountain Time Zone-US
2609,Algeria
524,Ukraine
2755,Algeria
192,Not provided in the context.
353,University of Oxford
1930,New England Patriots
782,Chivas USA
703,Louisiana State University
3316,The context does not provide information about Derek Fisher attending a college.
1831,"The context does not provide information about tourist attractions in Sydney, Australia."
1748,Egypt
1165,"Illinois (country, biblioness location)"
1464,Cheaper by the Dozen (does not have a Netflix ID in the provided context)
3069,"The context does not provide information about Netflix IDs for films, so it's impossible to determine which Liam Hemsworth film has the largest Netflix ID based on the given context."
793,Ukraine
2060,Museo Nacional del Prado
1497,Nigeria
104,Abraham Lincoln
2103,Abraham Lincoln
993,Tennessee (No Battle of Shiloh occurred in the given context)
3446,Abraham Lincoln did not influence Whitman's poetry.
1593,Peru
1954,Tennessee
1721,South_Carolina
1405,Paraguay
824,"Arsenal_F.C. has won the most FA cups, but it's not stated when it was founded in the given context."
1259,News Corporation
1789,Abraham Lincoln
1103,Not provided in the context.
1060,Czech Republic
1186,Louisiana State University
1613,Austria
3140,Colorado
921,Marcel Duchamp (died 1968)
1434,Mali
2957,"University College, Oxford"
2931,"University of Oxford (not mentioned in the context, but Andrew_Lloyd_Webber attended it)"
769,Abraham Lincoln
1193,"Bhutan (not directly mentioned in the context, but it's the location of the marriage, and Bhutan is a country that borders China)"
1797,Manchester United F.C.
3355,Egypt
1144,Not provided (Miley Cyrus is not in the given context)
1346,Luxembourg
721,Olympique de Marseille
1579,Qatar does not have an Arabic speaking country with the largest country calling code.
2189,Priest-GB
1327,Germany (ISO numeric: 276)
1214,Canada_men's_national_soccer_team
929,Austria
2149,Joe Jonas
1213,Egypt (The context does not provide information about armies or the Pyramids at Giza)
757,Bulgaria
1411,Columbia Law School
1715,Liechtenstein does not have a country calling code.
3511,Chivas USA
1108,Arsenal_F.C.
996,Battleship
3282,Harvard College (founded in 1636)
2979,Gettysburg College
1097,Humboldt University of Berlin
1706,Louisiana State University
1504,Tinker Bell: Secret of the Wings
865,Illinois
1087,Turkey has the largest army among Mediterranean countries.
665,The context does not provide information about Bob Dylan's residence.
938,Turkey (GNI per capita in PPP dollars is higher in Turkey compared to other Mediterranean countries)
1306,Brazil
767,Abraham Lincoln
2297,Luxembourg
736,University of Arkansas
1821,Abraham Lincoln
3040,Gettysburg College (not specified that Jerry Spinelli attended)
2454,"Nigeria does not have a largest calling code among the countries that the Niger River flows through. The Niger River primarily flows through Mali, Guinea, and Nigeria, but it does not determine a country's calling code."
1591,Iowa State University
1505,Nick Jonas
1872,Michigan Wolverines football
1475,Argentina (54)
1875,Oscar Wilde
1679,Hungary
3376,Nigeria
2381,Georgia
1364,Austria
1632,Yemen-US
1500,Tajikistan does not border China.
3387,Cheaper by the Dozen
1620,Abraham Lincoln
1914,Cheaper by the Dozen
1192,Paraguay
3320,Algeria (DZ)
1637,Nigeria has the largest population among the countries through which the Niger River flows.
1710,Museo Nacional del Prado
2959,Bulgaria
1303,Las Vegas
1153,"Kansas, as it became a state in 1861, had the earliest adapted state bird (western meadowlark) and state flower (sunflower)."
3082,Abraham Lincoln
652,Harry Potter and the Philosopher's Stone
1549,Azerbaijan
1056,Douglas County
660,The context does not provide information about Joey King or her residence.
1070,Manhattan
2898,Brazil (55)
3254,Temple University
1901,Not provided in the context.
2507,Abraham Lincoln did not influence Whitman's poetry.
2261,Miami Dolphins
